sku,brand,model,yearStart
HD-CS-15,Harley Davidson,Road Glide,2015
HD-CS-15,Harley Davidson,Street Glide,2014
HD-CS-23,Harley Davidson,Road Glide,2024
HD-CS-23,Harley Davidson,Street Glide,2023
HD-FE-14_XL,Harley Davidson,Road Glide,2015
HD-FE-14_XL,Harley Davidson,Street Glide,2014
HD-FF-LR-22,Harley Davidson,Low Rider ST,2022
HD-FF-RG-04,Harley Davidson,Road Glide,2004
HD-FF-RG-15,Harley Davidson,Road Glide,2015
HD-FF-RG-24,Harley Davidson,Road Glide,2024
HD-FF-SG-00,Harley Davidson,Street Glide,2000
HD-FF-SG-14,Harley Davidson,Street Glide,2014
HD-FF-SG-23,Harley Davidson,Street Glide,2023
HD-FF-SG-23,Harley Davidson,Street Glide 3,2026
HD-HL-RG-15,Harley Davidson,Road Glide,2015
HD-LF-00,Harley Davidson,Road Glide,2004
HD-LF-00,Harley Davidson,Street Glide,2000
HD-LF-00,Harley Davidson,Tri Glide,2009
HD-LF-14,Harley Davidson,Road Glide,2015
HD-LF-14,Harley Davidson,Street Glide,2014
HD-LF-14,Harley Davidson,Tri Glide,2014
HD-LF-23,Harley Davidson,Street Glide,2023
HD-MS-23,Harley Davidson,Street Glide,2023
HD-RF-FW-15,Harley Davidson,Freewheeler,2015
HD-RF-SG3-26,Harley Davidson,Street Glide 3,2026
HD-RF-TG-09,Harley Davidson,Tri Glide,2009
HD-SB-00,Harley Davidson,Road Glide,2004
HD-SB-00,Harley Davidson,Street Glide,2000
HD-SB-14,Harley Davidson,Road Glide,2015
HD-SB-14,Harley Davidson,Road King,2014
HD-SB-14,Harley Davidson,Street Glide,2014
HD-SB-14_LOW-XL,Harley Davidson,Road Glide,2015
HD-SB-14_LOW-XL,Harley Davidson,Road King,2014
HD-SB-14_LOW-XL,Harley Davidson,Street Glide,2014
HD-SB-14_SPK,Harley Davidson,Road Glide,2015
HD-SB-14_SPK,Harley Davidson,Road King,2014
HD-SB-14_SPK,Harley Davidson,Street Glide,2014
HD-SB-14_SPK-XL,Harley Davidson,Road Glide,2015
HD-SB-14_SPK-XL,Harley Davidson,Road King,2014
HD-SB-14_SPK-XL,Harley Davidson,Street Glide,2014
HD-SB-14_XL,Harley Davidson,Road Glide,2015
HD-SB-14_XL,Harley Davidson,Road King,2014
HD-SB-14_XL,Harley Davidson,Street Glide,2014
HD-SB-23,Harley Davidson,Road Glide,2024
HD-SB-23,Harley Davidson,Street Glide,2023
HD-SB-23_SPK,Harley Davidson,Road Glide,2024
HD-SB-23_SPK,Harley Davidson,Street Glide,2023
HD-SB-LR-22,Harley Davidson,Low Rider ST,2022
HD-SB-SW-12,Harley Davidson,Switchback,2012
HD-SC-14,Harley Davidson,Road Glide,2015
HD-SC-14,Harley Davidson,Road King,2014
HD-SC-14,Harley Davidson,Street Glide,2014
HD-SC-23,Harley Davidson,Road Glide,2024
HD-SC-23,Harley Davidson,Street Glide,2023
HD-SC-FW-15,Harley Davidson,Freewheeler,2015
HD-SC-SG3-26,Harley Davidson,Street Glide 3,2026
HD-SC-TG-09,Harley Davidson,Tri Glide,2009
HD-TP-00,Harley Davidson,Road Glide,2004
HD-TP-00,Harley Davidson,Street Glide,2000
HD-TP-00,Harley Davidson,Tri Glide,2009
HD-TP-14,Harley Davidson,Road Glide,2015
HD-TP-14,Harley Davidson,Street Glide,2014
HD-TP-14,Harley Davidson,Tri Glide,2014
HD-TP-23_GR,Harley Davidson,Road Glide,2024
HD-TP-23_GR,Harley Davidson,Street Glide,2023
HD-TP-23_GR,Harley Davidson,Street Glide 3,2026
HD-TR-ST-16,Harley Davidson,Street,2016
HD-WT-23,Harley Davidson,Road Glide,2024
HD-WT-23,Harley Davidson,Street Glide,2023
HD-WT-23,Harley Davidson,Street Glide 3,2026
